sample_id,dataset,origin,number of cells,number of ctc,number of wbc attached,sample type,cell type,ctc-cluster size,ctc-cluster id,sample cell type,sample cell type cat,mouse type,donor
GSM2966406,GSE109761,xenograft,1,1,0,CTC-single,CTC,NA,NA,CTC.single.ctc,CTC.single.ctc,NA,LM2
GSM2966407,GSE109761,xenograft,1,1,0,CTC-single,CTC,NA,NA,CTC.single.ctc,CTC.single.ctc,NA,LM2
GSM2966408,GSE109761,xenograft,1,1,0,CTC-single,CTC,NA,NA,CTC.single.ctc,CTC.single.ctc,NA,LM2
GSM2966409,GSE109761,xenograft,2,2,0,CTC-cluster,CTC,2,LM2-1,CTC.cluster.ctc,CTC.cluster.ctc,NA,LM2
GSM2966410,GSE109761,xenograft,1,1,0,CTC-single,CTC,NA,NA,CTC.single.ctc,CTC.single.ctc,NA,LM2
GSM2966411,GSE109761,xenograft,1,1,0,CTC-single,CTC,NA,NA,CTC.single.ctc,CTC.single.ctc,NA,LM2
GSM2966412,GSE109761,xenograft,2,2,0,CTC-cluster,CTC,2,LM2-2,CTC.cluster.ctc,CTC.cluster.ctc,NA,LM2
GSM2966413,GSE109761,xenograft,2,2,0,CTC-cluster,CTC,2,LM2-3,CTC.cluster.ctc,CTC.cluster.ctc,NA,LM2
GSM2966414,GSE109761,xenograft,1,1,0,CTC-single,CTC,NA,NA,CTC.single.ctc,CTC.single.ctc,NA,LM2
GSM2966415,GSE109761,xenograft,1,1,0,CTC-single,CTC,NA,NA,CTC.single.ctc,CTC.single.ctc,NA,LM2
GSM2966416,GSE109761,xenograft,1,1,0,CTC-single,CTC,NA,NA,CTC.single.ctc,CTC.single.ctc,NA,LM2
GSM2966417,GSE109761,xenograft,1,1,0,CTC-single,CTC,NA,NA,CTC.single.ctc,CTC.single.ctc,NA,LM2
GSM2966418,GSE109761,xenograft,2,2,0,CTC-cluster,CTC,2,LM2-4,CTC.cluster.ctc,CTC.cluster.ctc,NA,LM2
GSM2966419,GSE109761,xenograft,1,1,0,CTC-single,CTC,NA,NA,CTC.single.ctc,CTC.single.ctc,NA,LM2
GSM2966420,GSE109761,xenograft,2,2,0,CTC-cluster,CTC,2,LM2-5,CTC.cluster.ctc,CTC.cluster.ctc,NA,LM2
GSM2966421,GSE109761,xenograft,2,2,0,CTC-cluster,CTC,2,LM2-6,CTC.cluster.ctc,CTC.cluster.ctc,NA,LM2
GSM2966422,GSE109761,xenograft,1,1,0,CTC-cluster-WBC,CTC,3,LM2-7,CTC.cluster.WBC.ctc,CTC.cluster.WBC.ctc,NA,LM2
GSM2966423,GSE109761,xenograft,1,1,0,CTC-cluster-WBC,CTC,5,LM2-8,CTC.cluster.WBC.ctc,CTC.cluster.WBC.ctc,NA,LM2
GSM2966424,GSE109761,xenograft,1,1,0,CTC-cluster-WBC,CTC,5,LM2-8,CTC.cluster.WBC.ctc,CTC.cluster.WBC.ctc,NA,LM2
GSM2966425,GSE109761,xenograft,1,1,0,CTC-cluster-WBC,CTC,5,LM2-8,CTC.cluster.WBC.ctc,CTC.cluster.WBC.ctc,NA,LM2
GSM2966427,GSE109761,xenograft,2,2,0,CTC-cluster,CTC,2,LM2-9,CTC.cluster.ctc,CTC.cluster.ctc,NA,LM2
GSM2966428,GSE109761,xenograft,2,2,0,CTC-cluster,CTC,2,LM2-10,CTC.cluster.ctc,CTC.cluster.ctc,NA,LM2
GSM2966429,GSE109761,xenograft,1,1,0,CTC-single,CTC,NA,NA,CTC.single.ctc,CTC.single.ctc,NA,LM2
GSM2966430,GSE109761,xenograft,1,1,0,CTC-single,CTC,NA,NA,CTC.single.ctc,CTC.single.ctc,NA,LM2
GSM2966431,GSE109761,xenograft,1,1,0,CTC-single,CTC,NA,NA,CTC.single.ctc,CTC.single.ctc,NA,LM2
GSM2966432,GSE109761,xenograft,2,2,0,CTC-cluster,CTC,2,LM2-11,CTC.cluster.ctc,CTC.cluster.ctc,NA,LM2
GSM2966433,GSE109761,xenograft,5,5,0,CTC-cluster,CTC,5,LM2-12,CTC.cluster.ctc,CTC.cluster.ctc,NA,LM2
GSM2966435,GSE109761,xenograft,3,3,0,CTC-cluster,CTC,3,Br16-1,CTC.cluster.ctc,CTC.cluster.ctc,NA,Br16
GSM2966437,GSE109761,xenograft,3,3,0,CTC-cluster-WBC,CTC,3,NSG-Br16-2,CTC.cluster.WBC.ctc,CTC.cluster.WBC.ctc,NA,Br16
GSM2966439,GSE109761,xenograft,2,2,0,CTC-cluster,CTC,2,NSG-Br16-3,CTC.cluster.ctc,CTC.cluster.ctc,NA,Br16
GSM2966441,GSE109761,xenograft,1,1,0,CTC-single,CTC,NA,NA,CTC.single.ctc,CTC.single.ctc,NA,Br16
GSM2966442,GSE109761,xenograft,1,1,0,CTC-single,CTC,NA,NA,CTC.single.ctc,CTC.single.ctc,NA,Br16
GSM2966443,GSE109761,xenograft,4,4,0,CTC-cluster,CTC,4,NSG-Br16-4,CTC.cluster.ctc,CTC.cluster.ctc,NA,Br16
GSM2966444,GSE109761,xenograft,3,3,0,CTC-cluster,CTC,3,NSG-Br16-5,CTC.cluster.ctc,CTC.cluster.ctc,NA,Br16
GSM2966445,GSE109761,xenograft,1,1,0,CTC-single,CTC,NA,NA,CTC.single.ctc,CTC.single.ctc,NA,Br16
GSM2966446,GSE109761,xenograft,1,1,0,CTC-single,CTC,NA,NA,CTC.single.ctc,CTC.single.ctc,NA,Br16
GSM2966447,GSE109761,xenograft,1,1,0,CTC-cluster-WBC,CTC,3,NSG-Br16-7,CTC.cluster.WBC.ctc,CTC.cluster.WBC.ctc,NA,Br16
GSM2966448,GSE109761,xenograft,1,1,0,CTC-cluster-WBC,CTC,3,NSG-Br16-7,CTC.cluster.WBC.ctc,CTC.cluster.WBC.ctc,NA,Br16
GSM2966449,GSE109761,xenograft,2,2,0,CTC-cluster,CTC,2,NSG-Br16-8,CTC.cluster.ctc,CTC.cluster.ctc,NA,Br16
GSM2966450,GSE109761,xenograft,2,2,0,CTC-cluster,CTC,2,NSG-Br16-9,CTC.cluster.ctc,CTC.cluster.ctc,NA,Br16
GSM2966451,GSE109761,xenograft,3,3,0,CTC-cluster,CTC,3,NSG-Br16-10,CTC.cluster.ctc,CTC.cluster.ctc,NA,Br16
GSM2966452,GSE109761,xenograft,4,4,0,CTC-cluster,CTC,4,NSG-Br16-11,CTC.cluster.ctc,CTC.cluster.ctc,NA,Br16
GSM2966453,GSE109761,xenograft,2,2,0,CTC-cluster,CTC,2,NSG-Br16-12,CTC.cluster.ctc,CTC.cluster.ctc,NA,Br16
GSM2966454,GSE109761,xenograft,1,1,0,CTC-single,CTC,NA,NA,CTC.single.ctc,CTC.single.ctc,NA,Br16
GSM2966455,GSE109761,xenograft,3,3,0,CTC-cluster,CTC,3,NA,CTC.cluster.ctc,CTC.cluster.ctc,NA,Br16
GSM2966456,GSE109761,xenograft,2,2,0,CTC-cluster,CTC,2,NSG-Br16-13,CTC.cluster.ctc,CTC.cluster.ctc,NA,Br16
GSM2966457,GSE109761,xenograft,2,2,0,CTC-cluster,CTC,2,NSG-Br16-14,CTC.cluster.ctc,CTC.cluster.ctc,NA,Br16
GSM2966458,GSE109761,xenograft,1,1,0,CTC-single-WBC,CTC,NA,sBr16-NSG-1,CTC.single.WBC.ctc,CTC.single.WBC.ctc,NA,Br16
GSM2966459,GSE109761,xenograft,2,2,0,CTC-cluster,CTC,2,NSG-Br16-15,CTC.cluster.ctc,CTC.cluster.ctc,NA,Br16
GSM2966460,GSE109761,xenograft,1,1,0,CTC-cluster,CTC,4,NSG-Br16-16,CTC.cluster.ctc,CTC.cluster.ctc,NA,Br16
GSM2966461,GSE109761,xenograft,3,3,0,CTC-cluster,CTC,4,NSG-Br16-16,CTC.cluster.ctc,CTC.cluster.ctc,NA,Br16
GSM2966462,GSE109761,xenograft,5,5,0,CTC-cluster,CTC,5,NSG-Br16-17,CTC.cluster.ctc,CTC.cluster.ctc,NA,Br16
GSM2966463,GSE109761,xenograft,1,1,0,CTC-single,CTC,NA,NA,CTC.single.ctc,CTC.single.ctc,NA,Br16
GSM2966464,GSE109761,xenograft,1,1,0,CTC-single,CTC,NA,NA,CTC.single.ctc,CTC.single.ctc,NA,Br16
GSM2966465,GSE109761,xenograft,2,2,0,CTC-cluster,CTC,2,NSG-Br16-18,CTC.cluster.ctc,CTC.cluster.ctc,NA,Br16
GSM2966466,GSE109761,xenograft,2,2,0,CTC-cluster,CTC,2,NSG-Br16-19,CTC.cluster.ctc,CTC.cluster.ctc,NA,Br16
GSM2966467,GSE109761,xenograft,2,2,0,CTC-cluster,CTC,2,NSG-Br16-20,CTC.cluster.ctc,CTC.cluster.ctc,NA,Br16
GSM2966468,GSE109761,xenograft,2,2,0,CTC-cluster,CTC,2,NSG-Br16-21,CTC.cluster.ctc,CTC.cluster.ctc,NA,Br16
GSM2966469,GSE109761,xenograft,1,1,0,CTC-single,CTC,NA,NA,CTC.single.ctc,CTC.single.ctc,NA,Br16
GSM2966470,GSE109761,xenograft,3,3,0,CTC-cluster,CTC,3,NSG-Br16-22,CTC.cluster.ctc,CTC.cluster.ctc,NA,Br16
GSM2966471,GSE109761,xenograft,3,3,0,CTC-cluster,CTC,3,NSG-Br16-23,CTC.cluster.ctc,CTC.cluster.ctc,NA,Br16
GSM2966472,GSE109761,xenograft,1,1,0,CTC-single,CTC,NA,NA,CTC.single.ctc,CTC.single.ctc,NA,Br16
GSM2966473,GSE109761,xenograft,3,3,0,CTC-cluster-WBC,CTC,3,NSG-Br16-24,CTC.cluster.WBC.ctc,CTC.cluster.WBC.ctc,NA,Br16
GSM2966474,GSE109761,xenograft,2,2,0,CTC-cluster,CTC,3,NSG-Br16-25,CTC.cluster.ctc,CTC.cluster.ctc,NA,Br16
GSM2966475,GSE109761,xenograft,1,1,0,CTC-single,CTC,NA,NA,CTC.single.ctc,CTC.single.ctc,NA,Br16
GSM2966476,GSE109761,xenograft,4,4,0,CTC-cluster,CTC,6,NSG-Br16-26,CTC.cluster.ctc,CTC.cluster.ctc,NA,Br16
GSM2966477,GSE109761,xenograft,5,5,0,CTC-cluster,CTC,5,NSG-Br16-27,CTC.cluster.ctc,CTC.cluster.ctc,NA,Br16
GSM2966478,GSE109761,xenograft,4,4,0,CTC-cluster-WBC,CTC,4,NSG-Br16-28,CTC.cluster.WBC.ctc,CTC.cluster.WBC.ctc,NA,Br16
GSM2966479,GSE109761,xenograft,3,3,0,CTC-cluster,CTC,3,NSG-Br16-29,CTC.cluster.ctc,CTC.cluster.ctc,NA,Br16
GSM2966480,GSE109761,xenograft,1,1,0,CTC-cluster,CTC,4,NSG-Br16-30,CTC.cluster.ctc,CTC.cluster.ctc,NA,Br16
GSM2966481,GSE109761,xenograft,3,3,0,CTC-cluster,CTC,4,NSG-Br16-30,CTC.cluster.ctc,CTC.cluster.ctc,NA,Br16
GSM2966482,GSE109761,xenograft,4,4,0,CTC-cluster,CTC,4,NSG-Br16-31,CTC.cluster.ctc,CTC.cluster.ctc,NA,Br16
GSM2966483,GSE109761,xenograft,2,2,0,CTC-cluster-WBC,CTC,2,NSG-Br16-32,CTC.cluster.WBC.ctc,CTC.cluster.WBC.ctc,NA,Br16
GSM2966484,GSE109761,xenograft,2,2,0,CTC-cluster,CTC,7,NSG-Br16-33,CTC.cluster.ctc,CTC.cluster.ctc,NA,Br16
GSM2966485,GSE109761,xenograft,1,1,0,CTC-cluster,CTC,7,NSG-Br16-33,CTC.cluster.ctc,CTC.cluster.ctc,NA,Br16
GSM2966486,GSE109761,xenograft,4,4,0,CTC-cluster,CTC,7,NSG-Br16-33,CTC.cluster.ctc,CTC.cluster.ctc,NA,Br16
GSM2966487,GSE109761,xenograft,1,1,0,CTC-single,CTC,NA,NA,CTC.single.ctc,CTC.single.ctc,NA,Br16
GSM2966488,GSE109761,xenograft,1,1,0,CTC-single,CTC,NA,NA,CTC.single.ctc,CTC.single.ctc,NA,Br16
GSM2966489,GSE109761,xenograft,1,1,0,CTC-single,CTC,NA,NA,CTC.single.ctc,CTC.single.ctc,NA,Br16
GSM2966490,GSE109761,xenograft,3,3,0,CTC-cluster,CTC,6,NSG-Br16-34,CTC.cluster.ctc,CTC.cluster.ctc,NA,Br16
GSM2966491,GSE109761,xenograft,3,3,0,CTC-cluster,CTC,6,NSG-Br16-34,CTC.cluster.ctc,CTC.cluster.ctc,NA,Br16
GSM2966492,GSE109761,xenograft,3,3,0,CTC-cluster-WBC,CTC,3,NSG-Br16-35,CTC.cluster.WBC.ctc,CTC.cluster.WBC.ctc,NA,Br16
GSM2966493,GSE109761,xenograft,1,1,0,CTC-single,CTC,NA,NA,CTC.single.ctc,CTC.single.ctc,NA,Br16
GSM2966494,GSE109761,xenograft,1,1,0,CTC-single,CTC,NA,NA,CTC.single.ctc,CTC.single.ctc,NA,Br16
GSM2966495,GSE109761,xenograft,1,1,0,CTC-single,CTC,NA,NA,CTC.single.ctc,CTC.single.ctc,NA,Br16
GSM2966496,GSE109761,xenograft,1,1,0,CTC-single,CTC,NA,NA,CTC.single.ctc,CTC.single.ctc,NA,Br16
GSM2966497,GSE109761,xenograft,3,3,0,CTC-cluster,CTC,3,NSG-Br16-36,CTC.cluster.ctc,CTC.cluster.ctc,NA,Br16
GSM2966498,GSE109761,xenograft,3,3,0,CTC-cluster,CTC,3,NSG-Br16-37,CTC.cluster.ctc,CTC.cluster.ctc,NA,Br16
GSM2966499,GSE109761,xenograft,2,2,0,CTC-cluster,CTC,2,NSG-Br16-38,CTC.cluster.ctc,CTC.cluster.ctc,NA,Br16
GSM2966500,GSE109761,xenograft,2,2,0,CTC-cluster,CTC,6,NSG-Br16-39,CTC.cluster.ctc,CTC.cluster.ctc,NA,Br16
GSM2966503,GSE109761,xenograft,4,4,0,CTC-cluster,CTC,6,NSG-Br16-39,CTC.cluster.ctc,CTC.cluster.ctc,NA,Br16
GSM2966505,GSE109761,xenograft,1,1,0,CTC-single,CTC,NA,NA,CTC.single.ctc,CTC.single.ctc,NA,Br16
GSM2966506,GSE109761,xenograft,1,1,0,CTC-single,CTC,NA,NA,CTC.single.ctc,CTC.single.ctc,NA,Br16
GSM2966507,GSE109761,xenograft,3,3,0,CTC-cluster,CTC,3,NSG-Br16-40,CTC.cluster.ctc,CTC.cluster.ctc,NA,Br16
GSM2966508,GSE109761,xenograft,1,1,0,CTC-single,CTC,NA,NA,CTC.single.ctc,CTC.single.ctc,NA,Br16
GSM2966509,GSE109761,xenograft,1,1,0,CTC-single,CTC,NA,NA,CTC.single.ctc,CTC.single.ctc,NA,Br16
GSM2966510,GSE109761,xenograft,1,1,0,CTC-single,CTC,NA,NA,CTC.single.ctc,CTC.single.ctc,NA,Br16
GSM2966511,GSE109761,xenograft,1,1,0,CTC-single,CTC,NA,NA,CTC.single.ctc,CTC.single.ctc,NA,Br16
GSM2966512,GSE109761,xenograft,2,2,0,CTC-cluster,CTC,2,NSG-Br16-41,CTC.cluster.ctc,CTC.cluster.ctc,NA,Br16
GSM2966513,GSE109761,xenograft,2,2,0,CTC-cluster,CTC,2,NSG-Br16-42,CTC.cluster.ctc,CTC.cluster.ctc,NA,Br16
GSM2966514,GSE109761,xenograft,1,1,0,CTC-single,CTC,NA,NA,CTC.single.ctc,CTC.single.ctc,NA,Br16
GSM2966515,GSE109761,xenograft,4,4,0,CTC-cluster,CTC,4,NSG-Br16-43,CTC.cluster.ctc,CTC.cluster.ctc,NA,Br16
GSM2966516,GSE109761,xenograft,1,1,0,CTC-single,CTC,NA,NA,CTC.single.ctc,CTC.single.ctc,NA,Br16
GSM2966517,GSE109761,xenograft,1,1,0,CTC-single,CTC,NA,NA,CTC.single.ctc,CTC.single.ctc,NA,Br16
GSM2966518,GSE109761,xenograft,1,1,0,CTC-single,CTC,NA,NA,CTC.single.ctc,CTC.single.ctc,NA,Br16
GSM2966519,GSE109761,xenograft,7,7,0,CTC-cluster,CTC,7,NSG-Br16-44,CTC.cluster.ctc,CTC.cluster.ctc,NA,Br16
GSM2966520,GSE109761,xenograft,2,2,0,CTC-cluster-WBC,CTC,2,NSG-Br16-45,CTC.cluster.WBC.ctc,CTC.cluster.WBC.ctc,NA,Br16
GSM2966521,GSE109761,xenograft,1,1,0,CTC-single-WBC,CTC,NA,sBr16-NSG-2,CTC.single.WBC.ctc,CTC.single.WBC.ctc,NA,Br16
GSM2966522,GSE109761,xenograft,1,1,0,CTC-single,CTC,NA,NA,CTC.single.ctc,CTC.single.ctc,NA,Br16
GSM2966523,GSE109761,xenograft,1,1,0,CTC-single,CTC,NA,NA,CTC.single.ctc,CTC.single.ctc,NA,Br16
GSM2966524,GSE109761,xenograft,1,1,0,CTC-single,CTC,NA,NA,CTC.single.ctc,CTC.single.ctc,NA,CD
GSM2966525,GSE109761,xenograft,5,5,0,CTC-cluster,CTC,5,NA,CTC.cluster.ctc,CTC.cluster.ctc,NA,CD
GSM2966526,GSE109761,xenograft,3,3,0,CTC-cluster,CTC,3,NA,CTC.cluster.ctc,CTC.cluster.ctc,NA,CD
GSM2966527,GSE109761,xenograft,1,1,0,CTC-single,CTC,NA,NA,CTC.single.ctc,CTC.single.ctc,NA,CD
GSM2966528,GSE109761,xenograft,2,2,0,CTC-cluster,CTC,2,NA,CTC.cluster.ctc,CTC.cluster.ctc,NA,CD
GSM2966531,GSE109761,xenograft,1,1,0,CTC-single,CTC,NA,NA,CTC.single.ctc,CTC.single.ctc,NA,CD
GSM2966532,GSE109761,xenograft,1,1,0,CTC-single,CTC,NA,NA,CTC.single.ctc,CTC.single.ctc,NA,CD
GSM2966533,GSE109761,xenograft,3,3,0,CTC-cluster,CTC,3,NA,CTC.cluster.ctc,CTC.cluster.ctc,NA,CD
GSM2966534,GSE109761,xenograft,1,1,0,CTC-single,CTC,NA,NA,CTC.single.ctc,CTC.single.ctc,NA,CD
GSM2966535,GSE109761,xenograft,2,2,0,CTC-cluster,CTC,2,NA,CTC.cluster.ctc,CTC.cluster.ctc,NA,CD
GSM2966536,GSE109761,xenograft,1,1,0,CTC-single,CTC,NA,NA,CTC.single.ctc,CTC.single.ctc,NA,CD
GSM2966537,GSE109761,xenograft,2,2,0,CTC-cluster,CTC,2,NA,CTC.cluster.ctc,CTC.cluster.ctc,NA,CD
GSM2966538,GSE109761,xenograft,1,1,0,CTC-single,CTC,NA,NA,CTC.single.ctc,CTC.single.ctc,NA,CD
GSM2966539,GSE109761,xenograft,1,1,0,CTC-single,CTC,NA,NA,CTC.single.ctc,CTC.single.ctc,NA,CD
GSM2966540,GSE109761,xenograft,1,1,0,CTC-single,CTC,NA,NA,CTC.single.ctc,CTC.single.ctc,NA,CD
GSM2966541,GSE109761,xenograft,2,2,0,CTC-cluster,CTC,2,NA,CTC.cluster.ctc,CTC.cluster.ctc,NA,CD
GSM2966542,GSE109761,xenograft,1,1,0,CTC-single,CTC,NA,NA,CTC.single.ctc,CTC.single.ctc,NA,CD
GSM2966543,GSE109761,xenograft,2,2,0,CTC-cluster,CTC,2,NA,CTC.cluster.ctc,CTC.cluster.ctc,NA,CD
GSM2966544,GSE109761,xenograft,2,2,0,CTC-cluster,CTC,2,NA,CTC.cluster.ctc,CTC.cluster.ctc,NA,CD
GSM2966545,GSE109761,xenograft,2,2,0,CTC-cluster,CTC,2,NA,CTC.cluster.ctc,CTC.cluster.ctc,NA,CD
GSM2966546,GSE109761,patient,100,0,0,NK cells,NK cells,NA,NA,REF.NKcells,REF.NKcells,NA,5
GSM2966547,GSE109761,patient,100,0,0,T cells,T cells,NA,NA,REF.Tcells,REF.Tcells,NA,6
GSM2966548,GSE109761,patient,100,0,0,B cells,B cells,NA,NA,REF.Bcells,REF.Bcells,NA,7
GSM2966549,GSE109761,patient,100,0,0,Monocytes,Monocytes,NA,NA,REF.Monocytes,REF.Monocytes,NA,8
GSM2966550,GSE109761,xenograft,10,10,0,CTC-cluster,CTC,10,NA,CTC.cluster.ctc,CTC.cluster.ctc,NA,CD
GSM2966551,GSE109761,xenograft,7,7,0,CTC-cluster,CTC,7,NA,CTC.cluster.ctc,CTC.cluster.ctc,NA,CD
GSM2966552,GSE109761,xenograft,9,9,0,CTC-cluster,CTC,9,NA,CTC.cluster.ctc,CTC.cluster.ctc,NA,CD
GSM2966553,GSE109761,xenograft,3,3,0,CTC-cluster,CTC,3,NA,CTC.cluster.ctc,CTC.cluster.ctc,NA,CD
GSM2966554,GSE109761,xenograft,3,3,0,CTC-cluster,CTC,3,NA,CTC.cluster.ctc,CTC.cluster.ctc,NA,CD
GSM2966555,GSE109761,xenograft,4,4,0,CTC-cluster,CTC,4,NA,CTC.cluster.ctc,CTC.cluster.ctc,NA,CD
GSM2966556,GSE109761,xenograft,1,1,0,CTC-single,CTC,NA,NA,CTC.single.ctc,CTC.single.ctc,NA,CD
GSM2966557,GSE109761,xenograft,1,1,0,CTC-single,CTC,NA,NA,CTC.single.ctc,CTC.single.ctc,NA,CD
GSM2966558,GSE109761,xenograft,2,2,0,CTC-cluster,CTC,2,NA,CTC.cluster.ctc,CTC.cluster.ctc,NA,CD
GSM2966559,GSE109761,xenograft,4,4,0,CTC-cluster,CTC,4,NA,CTC.cluster.ctc,CTC.cluster.ctc,NA,CD
GSM2966560,GSE109761,xenograft,1,1,0,CTC-single,CTC,NA,NA,CTC.single.ctc,CTC.single.ctc,NA,CD
GSM2966561,GSE109761,xenograft,1,1,0,CTC-single,CTC,NA,NA,CTC.single.ctc,CTC.single.ctc,NA,CD
GSM2966562,GSE109761,xenograft,1,1,0,CTC-single,CTC,NA,NA,CTC.single.ctc,CTC.single.ctc,NA,CD
GSM2966563,GSE109761,xenograft,2,2,0,CTC-cluster,CTC,2,NA,CTC.cluster.ctc,CTC.cluster.ctc,NA,CD
GSM2966564,GSE109761,xenograft,1,1,0,CTC-single,CTC,NA,NA,CTC.single.ctc,CTC.single.ctc,NA,CD
GSM2966565,GSE109761,xenograft,1,1,0,CTC-single,CTC,NA,NA,CTC.single.ctc,CTC.single.ctc,NA,CD
GSM2966566,GSE109761,xenograft,1,1,0,CTC-single,CTC,NA,NA,CTC.single.ctc,CTC.single.ctc,NA,CD
GSM2966567,GSE109761,xenograft,1,1,0,CTC-single,CTC,NA,NA,CTC.single.ctc,CTC.single.ctc,NA,CD
GSM2966568,GSE109761,xenograft,1,1,0,CTC-single,CTC,NA,NA,CTC.single.ctc,CTC.single.ctc,NA,CD
GSM2966569,GSE109761,patient,100,0,0,B cells,B cells,NA,NA,REF.Bcells,REF.Bcells,NA,Br41
GSM2966570,GSE109761,patient,100,0,0,T cells,T cells,NA,NA,REF.Tcells,REF.Tcells,NA,Br41
GSM2966571,GSE109761,patient,100,0,0,Monocytes,Monocytes,NA,NA,REF.Monocytes,REF.Monocytes,NA,Br41
GSM2966572,GSE109761,patient,100,0,0,NK cells,NK cells,NA,NA,REF.NKcells,REF.NKcells,NA,Br41
GSM2966573,GSE109761,patient,100,0,0,Platelets,Platelets,NA,NA,REF.Platelets,REF.Platelets,NA,PLT
GSM2966574,GSE109761,patient,100,0,0,NK cells,NK cells,NA,NA,REF.NKcells,REF.NKcells,NA,Br30
GSM2966575,GSE109761,patient,100,0,0,T cells,T cells,NA,NA,REF.Tcells,REF.Tcells,NA,Br30
GSM2966576,GSE109761,patient,100,0,0,B cells,B cells,NA,NA,REF.Bcells,REF.Bcells,NA,Br30
GSM2966577,GSE109761,patient,100,0,0,Monocytes,Monocytes,NA,NA,REF.Monocytes,REF.Monocytes,NA,Br30
GSM2966578,GSE109761,patient,100,0,0,NK cells,NK cells,NA,NA,REF.NKcells,REF.NKcells,NA,HV2
GSM2966579,GSE109761,patient,100,0,0,T cells,T cells,NA,NA,REF.Tcells,REF.Tcells,NA,HV2
GSM2966580,GSE109761,patient,100,0,0,B cells,B cells,NA,NA,REF.Bcells,REF.Bcells,NA,HV2
GSM2966581,GSE109761,patient,100,0,0,Monocytes,Monocytes,NA,NA,REF.Monocytes,REF.Monocytes,NA,HV2
GSM2966582,GSE109761,patient,100,0,0,NK cells,NK cells,NA,NA,REF.NKcells,REF.NKcells,NA,HV3
GSM2966583,GSE109761,patient,100,0,0,T cells,T cells,NA,NA,REF.Tcells,REF.Tcells,NA,HV3
GSM2966584,GSE109761,patient,100,0,0,B cells,B cells,NA,NA,REF.Bcells,REF.Bcells,NA,HV3
GSM2966585,GSE109761,patient,100,0,0,Monocytes,Monocytes,NA,NA,REF.Monocytes,REF.Monocytes,NA,HV3
GSM2966586,GSE109761,patient,100,0,0,Granulocytes,Granulocytes,NA,NA,REF.Granulocytes,REF.Granulocytes,NA,Br30
GSM2966587,GSE109761,patient,100,0,0,Granulocytes,Granulocytes,NA,NA,REF.Granulocytes,REF.Granulocytes,NA,HV1
GSM2966588,GSE109761,patient,100,0,0,Granulocytes,Granulocytes,NA,NA,REF.Granulocytes,REF.Granulocytes,NA,HV2
GSM2966589,GSE109761,patient,100,0,0,Granulocytes,Granulocytes,NA,NA,REF.Granulocytes,REF.Granulocytes,NA,HV3
GSM2966590,GSE109761,patient,1,0,0,WBC,WBC,NA,NA,REF.WBC,REF.WBC,NA,Br30
GSM2966591,GSE109761,patient,3,0,0,WBC,WBC,NA,NA,REF.WBC,REF.WBC,NA,Br30
GSM2966592,GSE109761,patient,1,1,0,CTC-single,CTC,NA,NA,CTC.single.ctc,CTC.single.ctc,NA,Br37
GSM2966593,GSE109761,patient,1,1,0,CTC-single,CTC,NA,NA,CTC.single.ctc,CTC.single.ctc,NA,Br37
GSM2966594,GSE109761,patient,1,1,0,CTC-single,CTC,NA,NA,CTC.single.ctc,CTC.single.ctc,NA,Br38
GSM2966595,GSE109761,patient,1,1,0,CTC-single,CTC,NA,NA,CTC.single.ctc,CTC.single.ctc,NA,Br38
GSM2966596,GSE109761,patient,1,0,0,WBC,WBC,NA,NA,REF.WBC,REF.WBC,NA,Br26
GSM2966597,GSE109761,patient,1,0,0,WBC,WBC,NA,NA,REF.WBC,REF.WBC,NA,Br23
GSM2966598,GSE109761,patient,1,0,0,WBC,WBC,NA,NA,REF.WBC,REF.WBC,NA,Br23
GSM2966599,GSE109761,patient,1,0,0,WBC,WBC,NA,NA,REF.WBC,REF.WBC,NA,Br23
GSM2966600,GSE109761,patient,1,0,0,WBC,WBC,NA,NA,REF.WBC,REF.WBC,NA,Br23
GSM2966601,GSE109761,patient,1,1,0,CTC-cluster,CTC,4,cBr23-7,CTC.cluster.ctc,CTC.cluster.ctc,NA,Br23
GSM2966602,GSE109761,patient,1,1,0,CTC-cluster,CTC,2,cBr23-8,CTC.cluster.ctc,CTC.cluster.ctc,NA,Br23
GSM2966603,GSE109761,patient,1,0,1,CTC-cluster-WBC,WBC,3,cBr23-9,CTC.cluster.WBC.wbc,CTC.wbc,NA,Br23
GSM2966604,GSE109761,patient,4,3,1,CTC-cluster-WBC,CTC-WBC,3,cBr23-9,CTC.cluster.WBC.ctc.wbc,CTC.ctc.wbc,NA,Br23
GSM2966605,GSE109761,patient,1,1,0,CTC-cluster,CTC,4,cBr23-10,CTC.cluster.ctc,CTC.cluster.ctc,NA,Br23
GSM2966606,GSE109761,patient,3,3,0,CTC-cluster,CTC,4,cBr23-10,CTC.cluster.ctc,CTC.cluster.ctc,NA,Br23
GSM2966607,GSE109761,patient,1,1,0,CTC-single,CTC,NA,NA,CTC.single.ctc,CTC.single.ctc,NA,Br23
GSM2966608,GSE109761,patient,3,2,1,CTC-cluster-WBC,CTC-WBC,2,cBr23-11,CTC.cluster.WBC.ctc.wbc,CTC.ctc.wbc,NA,Br23
GSM2966609,GSE109761,patient,5,4,1,CTC-cluster-WBC,CTC-WBC,4,cBr23-12,CTC.cluster.WBC.ctc.wbc,CTC.ctc.wbc,NA,Br23
GSM2966610,GSE109761,patient,1,0,1,CTC-single-WBC,WBC,NA,sBr44-1,CTC.single.WBC.wbc,CTC.wbc,NA,Br44
GSM2966611,GSE109761,patient,1,1,0,CTC-single,CTC,NA,NA,CTC.single.ctc,CTC.single.ctc,NA,Br44
GSM2966612,GSE109761,patient,1,0,0,WBC,WBC,NA,NA,REF.WBC,REF.WBC,NA,Br44
GSM2966613,GSE109761,patient,1,0,0,WBC,WBC,NA,NA,REF.WBC,REF.WBC,NA,Br44
GSM2966614,GSE109761,patient,1,0,0,WBC,WBC,NA,NA,REF.WBC,REF.WBC,NA,Br44
GSM2966615,GSE109761,patient,100,0,0,Platelets,Platelets,NA,NA,REF.Platelets,REF.Platelets,NA,Br38
GSM2966616,GSE109761,patient,100,0,0,NK cells,NK cells,NA,NA,REF.NKcells,REF.NKcells,NA,Br38
GSM2966617,GSE109761,patient,100,0,0,T cells,T cells,NA,NA,REF.Tcells,REF.Tcells,NA,Br38
GSM2966618,GSE109761,patient,100,0,0,B cells,B cells,NA,NA,REF.Bcells,REF.Bcells,NA,Br38
GSM2966619,GSE109761,patient,100,0,0,Monocytes,Monocytes,NA,NA,REF.Monocytes,REF.Monocytes,NA,Br38
GSM2966620,GSE109761,patient,100,0,0,Granulocytes,Granulocytes,NA,NA,REF.Granulocytes,REF.Granulocytes,NA,Br38
GSM2966621,GSE109761,patient,100,0,0,Platelets,Platelets,NA,NA,REF.Platelets,REF.Platelets,NA,HV1
GSM2966622,GSE109761,patient,100,0,0,Platelets,Platelets,NA,NA,REF.Platelets,REF.Platelets,NA,Hv2
GSM2966623,GSE109761,patient,100,0,0,Platelets,Platelets,NA,NA,REF.Platelets,REF.Platelets,NA,Hv3
GSM2966624,GSE109761,patient,100,0,0,Platelets,Platelets,NA,NA,REF.Platelets,REF.Platelets,NA,Br30
GSM2966625,GSE109761,patient,1,1,0,CTC-single,CTC,NA,NA,CTC.single.ctc,CTC.single.ctc,NA,Br38
GSM2966626,GSE109761,patient,1,1,0,CTC-single,CTC,NA,NA,CTC.single.ctc,CTC.single.ctc,NA,Br39
GSM2966627,GSE109761,patient,1,1,0,CTC-single,CTC,NA,NA,CTC.single.ctc,CTC.single.ctc,NA,Br39
GSM2966628,GSE109761,patient,2,2,0,CTC-cluster,CTC,2,cBr39-1,CTC.cluster.ctc,CTC.cluster.ctc,NA,Br39
GSM2966629,GSE109761,patient,1,1,0,CTC-single,CTC,NA,NA,CTC.single.ctc,CTC.single.ctc,NA,Br39
GSM2966630,GSE109761,patient,1,1,0,CTC-single,CTC,NA,NA,CTC.single.ctc,CTC.single.ctc,NA,Br39
GSM2966631,GSE109761,patient,1,1,0,CTC-single,CTC,NA,NA,CTC.single.ctc,CTC.single.ctc,NA,Br11
GSM2966632,GSE109761,patient,2,2,0,CTC-cluster,CTC,2,cBr11-2,CTC.cluster.ctc,CTC.cluster.ctc,NA,Br11
GSM2966633,GSE109761,patient,1,1,0,CTC-single,CTC,NA,NA,CTC.single.ctc,CTC.single.ctc,NA,Br11
GSM2966634,GSE109761,patient,3,0,3,WBC,WBC,NA,NA,REF.WBC,REF.WBC,NA,Br11
GSM2966635,GSE109761,patient,6,0,6,WBC,WBC,NA,NA,REF.WBC,REF.WBC,NA,Br11
GSM2966636,GSE109761,patient,1,0,1,WBC,WBC,NA,NA,REF.WBC,REF.WBC,NA,Br11
GSM2966637,GSE109761,patient,1,1,0,CTC-single,CTC,NA,NA,CTC.single.ctc,CTC.single.ctc,NA,Br11
GSM2966638,GSE109761,patient,2,2,0,CTC-cluster,CTC,2,cBr11-2,CTC.cluster.ctc,CTC.cluster.ctc,NA,Br11
GSM2966639,GSE109761,patient,1,1,0,CTC-single,CTC,NA,NA,CTC.single.ctc,CTC.single.ctc,NA,Br11
GSM2966640,GSE109761,patient,1,1,0,CTC-single,CTC,NA,NA,CTC.single.ctc,CTC.single.ctc,NA,Br11
GSM2966641,GSE109761,patient,1,1,0,CTC-single,CTC,NA,NA,CTC.single.ctc,CTC.single.ctc,NA,Br11
GSM2966642,GSE109761,patient,1,1,0,CTC-single,CTC,NA,NA,CTC.single.ctc,CTC.single.ctc,NA,Br11
GSM2966643,GSE109761,patient,1,1,0,CTC-single,CTC,NA,NA,CTC.single.ctc,CTC.single.ctc,NA,Br11
GSM2966644,GSE109761,patient,1,1,0,CTC-single,CTC,NA,NA,CTC.single.ctc,CTC.single.ctc,NA,Br11
GSM2966645,GSE109761,patient,1,1,0,CTC-single,CTC,NA,NA,CTC.single.ctc,CTC.single.ctc,NA,Br11
GSM2966646,GSE109761,patient,1,1,0,CTC-single,CTC,NA,NA,CTC.single.ctc,CTC.single.ctc,NA,Br11
GSM2966647,GSE109761,patient,100,0,100,B cells,B cells,NA,NA,REF.Bcells,REF.Bcells,NA,Br45
GSM2966648,GSE109761,patient,100,0,100,Monocytes,Monocytes,NA,NA,REF.Monocytes,REF.Monocytes,NA,Br45
GSM2966649,GSE109761,patient,100,0,100,NK cells,NK cells,NA,NA,REF.NKcells,REF.NKcells,NA,Br45
GSM2966650,GSE109761,patient,100,0,100,T cells,T cells,NA,NA,REF.Tcells,REF.Tcells,NA,Br45
GSM2966651,GSE109761,patient,1,1,0,CTC-single,CTC,NA,NA,CTC.single.ctc,CTC.single.ctc,NA,Br45
GSM2966652,GSE109761,patient,1,1,0,CTC-single,CTC,NA,NA,CTC.single.ctc,CTC.single.ctc,NA,Br45
GSM2966653,GSE109761,patient,1,0,1,WBC,WBC,NA,NA,REF.WBC,REF.WBC,NA,Br45
GSM2966654,GSE109761,patient,1,0,1,WBC,WBC,NA,NA,REF.WBC,REF.WBC,NA,Br45
GSM2966655,GSE109761,patient,NA,0,NA,Platelets,Platelets,NA,NA,REF.Platelets,REF.Platelets,NA,Br45
GSM2966656,GSE109761,patient,2,2,0,CTC-cluster,CTC,2,cBr53-1,CTC.cluster.ctc,CTC.cluster.ctc,NA,Br53
GSM2966657,GSE109761,patient,3,0,3,WBC,WBC,NA,NA,REF.WBC,REF.WBC,NA,Br53
GSM2966658,GSE109761,patient,1,0,1,WBC,WBC,NA,NA,REF.WBC,REF.WBC,NA,Br53
GSM2966659,GSE109761,patient,1,0,1,WBC,WBC,NA,NA,REF.WBC,REF.WBC,NA,Br53
GSM2966660,GSE109761,patient,2,1,1,CTC-single-WBC,CTC-WBC,NA,NA,CTC.single.WBC.ctc.wbc,CTC.ctc.wbc,NA,Br57
GSM2966661,GSE109761,patient,1,1,0,CTC-single,CTC,NA,NA,CTC.single.ctc,CTC.single.ctc,NA,Br57
GSM2966662,GSE109761,patient,1,1,0,CTC-single,CTC,NA,NA,CTC.single.ctc,CTC.single.ctc,NA,Br57
GSM2966663,GSE109761,patient,1,1,0,CTC-single,CTC,NA,NA,CTC.single.ctc,CTC.single.ctc,NA,Br57
GSM2966664,GSE109761,patient,1,1,0,CTC-single,CTC,NA,NA,CTC.single.ctc,CTC.single.ctc,NA,Br57
GSM2966665,GSE109761,patient,1,1,0,CTC-single,CTC,NA,NA,CTC.single.ctc,CTC.single.ctc,NA,Br57
GSM2966666,GSE109761,patient,1,1,0,CTC-single,CTC,NA,NA,CTC.single.ctc,CTC.single.ctc,NA,Br57
GSM2966667,GSE109761,patient,1,1,0,CTC-single,CTC,NA,NA,CTC.single.ctc,CTC.single.ctc,NA,Br57
GSM2966668,GSE109761,patient,2,2,0,CTC-cluster,CTC,2,cBr57-1,CTC.cluster.ctc,CTC.cluster.ctc,NA,Br57
GSM2966669,GSE109761,patient,1,1,0,CTC-single,CTC,NA,NA,CTC.single.ctc,CTC.single.ctc,NA,Br57
GSM2966670,GSE109761,patient,5,0,5,WBC,WBC,NA,NA,REF.WBC,REF.WBC,NA,Br57
GSM2966671,GSE109761,patient,1,1,0,CTC-single,CTC,NA,NA,CTC.single.ctc,CTC.single.ctc,NA,Br57
GSM2966672,GSE109761,patient,1,1,0,CTC-single,CTC,NA,NA,CTC.single.ctc,CTC.single.ctc,NA,Br57
GSM2966673,GSE109761,patient,1,1,0,CTC-single-WBC,CTC,NA,sBr57-1,CTC.single.WBC.ctc,CTC.single.WBC.ctc,NA,Br57
GSM2966674,GSE109761,patient,1,1,0,CTC-single,CTC,NA,NA,CTC.single.ctc,CTC.single.ctc,NA,Br57
GSM2966675,GSE109761,patient,1,1,0,CTC-single,CTC,NA,NA,CTC.single.ctc,CTC.single.ctc,NA,Br57
GSM2966676,GSE109761,patient,1,1,0,CTC-single,CTC,NA,NA,CTC.single.ctc,CTC.single.ctc,NA,Br57
GSM2966677,GSE109761,patient,100,0,0,B cells,B cells,NA,NA,REF.Bcells,REF.Bcells,NA,Br61
GSM2966678,GSE109761,patient,1,1,0,CTC-single,CTC,NA,NA,CTC.single.ctc,CTC.single.ctc,NA,Br61
GSM2966679,GSE109761,patient,1,1,0,CTC-single,CTC,NA,NA,CTC.single.ctc,CTC.single.ctc,NA,Br61
GSM2966680,GSE109761,patient,1,0,1,CTC-cluster-WBC,WBC,3,cBr61-1,CTC.cluster.WBC.wbc,CTC.wbc,NA,Br61
GSM2966681,GSE109761,patient,1,1,0,CTC-cluster-WBC,CTC,3,cBr61-1,CTC.cluster.WBC.ctc,CTC.cluster.WBC.ctc,NA,Br61
GSM2966682,GSE109761,patient,1,1,0,CTC-cluster-WBC,CTC,3,cBr61-1,CTC.cluster.WBC.ctc,CTC.cluster.WBC.ctc,NA,Br61
GSM2966683,GSE109761,patient,1,1,0,CTC-cluster,CTC,2,cBr61-2,CTC.cluster.ctc,CTC.cluster.ctc,NA,Br61
GSM2966684,GSE109761,patient,1,1,0,CTC-single,CTC,NA,NA,CTC.single.ctc,CTC.single.ctc,NA,Br61
GSM2966685,GSE109761,patient,1,1,0,CTC-cluster,CTC,3,cBr61-3,CTC.cluster.ctc,CTC.cluster.ctc,NA,Br61
GSM2966686,GSE109761,patient,2,2,0,CTC-cluster,CTC,3,cBr61-3,CTC.cluster.ctc,CTC.cluster.ctc,NA,Br61
GSM2966687,GSE109761,patient,2,2,0,CTC-cluster,CTC,2,NA,CTC.cluster.ctc,CTC.cluster.ctc,NA,Br61
GSM2966688,GSE109761,patient,1,1,0,CTC-single,CTC,NA,NA,CTC.single.ctc,CTC.single.ctc,NA,Br61
GSM2966689,GSE109761,patient,1,1,0,CTC-single-WBC,CTC,NA,sBr61-1,CTC.single.WBC.ctc,CTC.single.WBC.ctc,NA,Br61
GSM2966690,GSE109761,patient,2,1,1,CTC-single-WBC,CTC-WBC,NA,NA,CTC.single.WBC.ctc.wbc,CTC.ctc.wbc,NA,Br61
GSM2966691,GSE109761,patient,1,1,0,CTC-cluster,CTC,2,cBr61-4,CTC.cluster.ctc,CTC.cluster.ctc,NA,Br61
GSM2966692,GSE109761,patient,1,1,0,CTC-single,CTC,NA,NA,CTC.single.ctc,CTC.single.ctc,NA,Br61
GSM2966693,GSE109761,patient,2,1,1,CTC-single-WBC,CTC-WBC,NA,NA,CTC.single.WBC.ctc.wbc,CTC.ctc.wbc,NA,Br61
GSM2966694,GSE109761,patient,2,2,0,CTC-cluster,CTC,2,NA,CTC.cluster.ctc,CTC.cluster.ctc,NA,Br61
GSM2966695,GSE109761,patient,2,1,1,CTC-single-WBC,CTC-WBC,NA,NA,CTC.single.WBC.ctc.wbc,CTC.ctc.wbc,NA,Br61
GSM2966696,GSE109761,patient,1,1,0,CTC-single,CTC,NA,NA,CTC.single.ctc,CTC.single.ctc,NA,Br61
GSM2966697,GSE109761,patient,1,0,1,CTC-cluster-WBC,WBC,3,cBr61-5,CTC.cluster.WBC.wbc,CTC.wbc,NA,Br61
GSM2966698,GSE109761,patient,1,1,0,CTC-cluster-WBC,CTC,3,cBr61-5,CTC.cluster.WBC.ctc,CTC.cluster.WBC.ctc,NA,Br61
GSM2966699,GSE109761,patient,1,0,1,CTC-single-WBC,WBC,NA,sB61-2,CTC.single.WBC.wbc,CTC.wbc,NA,Br61
GSM2966700,GSE109761,patient,1,1,0,CTC-single-WBC,CTC,NA,sB61-2,CTC.single.WBC.ctc,CTC.single.WBC.ctc,NA,Br61
GSM2966701,GSE109761,patient,1,1,0,CTC-cluster,CTC,2,cBr61-6,CTC.cluster.ctc,CTC.cluster.ctc,NA,Br61
GSM2966702,GSE109761,patient,4,0,4,WBC,WBC,NA,NA,REF.WBC,REF.WBC,NA,Br61
GSM2966703,GSE109761,patient,4,0,4,WBC,WBC,NA,NA,REF.WBC,REF.WBC,NA,Br61
GSM2966704,GSE109761,patient,5,0,5,WBC,WBC,NA,NA,REF.WBC,REF.WBC,NA,Br61
GSM2966705,GSE109761,patient,1,0,1,WBC,WBC,NA,NA,REF.WBC,REF.WBC,NA,Br61
GSM2966706,GSE109761,patient,1,1,0,CTC-single,CTC,NA,NA,CTC.single.ctc,CTC.single.ctc,NA,Br61
GSM2966707,GSE109761,patient,100,NA,0,Granulocytes,Granulocytes,NA,NA,REF.Granulocytes,REF.Granulocytes,NA,Br61
GSM2966708,GSE109761,patient,100,NA,0,NK cells,NK cells,NA,NA,REF.NKcells,REF.NKcells,NA,Br61
GSM2966709,GSE109761,patient,NA,NA,0,Platelets,Platelets,NA,NA,REF.Platelets,REF.Platelets,NA,Br61
GSM2966710,GSE109761,patient,100,NA,0,Monocytes,Monocytes,NA,NA,REF.Monocytes,REF.Monocytes,NA,Br61
GSM2966711,GSE109761,patient,100,NA,0,T cells,T cells,NA,NA,REF.Tcells,REF.Tcells,NA,Br61
GSM2966712,GSE109761,xenograft,1,1,0,CTC-single,CTC,NA,NA,CTC.single.ctc,CTC.single.ctc,NA,Brx50
GSM2966713,GSE109761,xenograft,1,1,0,CTC-single,CTC,NA,NA,CTC.single.ctc,CTC.single.ctc,NA,Brx50
GSM2966714,GSE109761,xenograft,2,2,0,CTC-cluster,CTC,2,cBrx50-1,CTC.cluster.ctc,CTC.cluster.ctc,NA,Brx50
GSM2966715,GSE109761,xenograft,1,1,0,CTC-single,CTC,NA,NA,CTC.single.ctc,CTC.single.ctc,NA,Brx50
GSM2966716,GSE109761,xenograft,5,5,0,CTC-cluster,CTC,5,cBrx50-2,CTC.cluster.ctc,CTC.cluster.ctc,NA,Brx50
GSM2966717,GSE109761,xenograft,1,1,0,CTC-single,CTC,NA,NA,CTC.single.ctc,CTC.single.ctc,NA,Brx50
GSM2966718,GSE109761,xenograft,1,1,0,CTC-cluster-WBC,CTC,3,LM2-13,CTC.cluster.WBC.ctc,CTC.cluster.WBC.ctc,NA,LM2
GSM2966719,GSE109761,xenograft,1,1,0,CTC-cluster-WBC,CTC,4,LM2-14,CTC.cluster.WBC.ctc,CTC.cluster.WBC.ctc,NA,LM2
GSM2966720,GSE109761,xenograft,1,1,0,CTC-cluster-WBC,CTC,4,LM2-14,CTC.cluster.WBC.ctc,CTC.cluster.WBC.ctc,NA,LM2
GSM2966721,GSE109761,xenograft,1,1,0,CTC-cluster-WBC,CTC,4,LM2-14,CTC.cluster.WBC.ctc,CTC.cluster.WBC.ctc,NA,LM2
GSM2966722,GSE109761,patient,4,2,2,CTC-cluster-WBC,CTC-WBC,2,cBr7-1,CTC.cluster.WBC.ctc.wbc,CTC.ctc.wbc,NA,Br7
GSM2966723,GSE109761,patient,3,3,0,CTC-cluster,CTC,3,cBr7-2,CTC.cluster.ctc,CTC.cluster.ctc,NA,Br7
GSM2966724,GSE109761,patient,3,3,0,CTC-cluster,CTC,3,cBr7-3,CTC.cluster.ctc,CTC.cluster.ctc,NA,Br7
GSM2966725,GSE109761,patient,1,1,0,CTC-single,CTC,NA,NA,CTC.single.ctc,CTC.single.ctc,NA,Br7
GSM2966726,GSE109761,patient,1,1,0,CTC-single,CTC,NA,NA,CTC.single.ctc,CTC.single.ctc,NA,Br7
GSM2966727,GSE109761,patient,4,2,2,CTC-cluster-WBC,CTC-WBC,2,cBr7-5,CTC.cluster.WBC.ctc.wbc,CTC.ctc.wbc,NA,Br7
GSM2966728,GSE109761,patient,1,0,0,WBC,WBC,NA,NA,REF.WBC,REF.WBC,NA,Br7
GSM2966729,GSE109761,patient,1,0,0,WBC,WBC,NA,NA,REF.WBC,REF.WBC,NA,Br7
GSM2966730,GSE109761,patient,1,1,0,CTC-single,CTC,NA,NA,CTC.single.ctc,CTC.single.ctc,NA,Br16
GSM2966731,GSE109761,patient,1,1,0,CTC-single,CTC,NA,NA,CTC.single.ctc,CTC.single.ctc,NA,Br16
GSM2966732,GSE109761,patient,2,2,0,CTC-cluster,CTC,2,cBr16-1,CTC.cluster.ctc,CTC.cluster.ctc,NA,Br16
GSM2966733,GSE109761,patient,1,1,0,CTC-single,CTC,NA,NA,CTC.single.ctc,CTC.single.ctc,NA,Br16
GSM2966734,GSE109761,patient,3,3,0,CTC-cluster,CTC,3,cBr16-2,CTC.cluster.ctc,CTC.cluster.ctc,NA,Br16
GSM2966735,GSE109761,patient,3,3,0,CTC-cluster,CTC,3,cBr16-3,CTC.cluster.ctc,CTC.cluster.ctc,NA,Br16
GSM2966736,GSE109761,patient,1,0,0,WBC,WBC,NA,NA,REF.WBC,REF.WBC,NA,Br16
GSM2966737,GSE109761,patient,1,0,0,WBC,WBC,NA,NA,REF.WBC,REF.WBC,NA,Br16
GSM2966738,GSE109761,patient,1,1,0,CTC-single,CTC,NA,NA,CTC.single.ctc,CTC.single.ctc,NA,Br46
GSM2966739,GSE109761,patient,1,0,0,WBC,WBC,NA,NA,REF.WBC,REF.WBC,NA,Br46
GSM2966740,GSE109761,patient,1,0,0,WBC,WBC,NA,NA,REF.WBC,REF.WBC,NA,Br46
GSM2966741,GSE109761,patient,1,0,0,WBC,WBC,NA,NA,REF.WBC,REF.WBC,NA,Br46
GSM3664237,GSE109761,patient,1,1,0,CTC-single,CTC,NA,NA,CTC.single.ctc,CTC.single.ctc,NA,Br30
GSM3664238,GSE109761,patient,1,1,0,CTC-single,CTC,NA,NA,CTC.single.ctc,CTC.single.ctc,NA,Br30
GSM3664239,GSE109761,patient,2,1,1,CTC-single-WBC,CTC-WBC,NA,NA,CTC.single.WBC.ctc.wbc,CTC.ctc.wbc,NA,Br30
GSM3664240,GSE109761,patient,2,1,1,CTC-single-WBC,CTC-WBC,NA,NA,CTC.single.WBC.ctc.wbc,CTC.ctc.wbc,NA,Br30
GSM3664241,GSE109761,patient,2,1,1,CTC-single-WBC,CTC-WBC,NA,NA,CTC.single.WBC.ctc.wbc,CTC.ctc.wbc,NA,Br37
GSM3664242,GSE109761,patient,1,1,0,CTC-single,CTC,NA,NA,CTC.single.ctc,CTC.single.ctc,NA,Br39
GSM3664243,GSE109761,patient,1,1,0,CTC-single,CTC,NA,NA,CTC.single.ctc,CTC.single.ctc,NA,Br39
GSM3664244,GSE109761,patient,1,1,0,CTC-single,CTC,NA,NA,CTC.single.ctc,CTC.single.ctc,NA,Br39
GSM3664245,GSE109761,patient,1,1,0,CTC-single,CTC,NA,NA,CTC.single.ctc,CTC.single.ctc,NA,Br39
GSM3664246,GSE109761,patient,1,1,0,CTC-single,CTC,NA,NA,CTC.single.ctc,CTC.single.ctc,NA,Br39
GSM3664247,GSE109761,patient,1,1,0,CTC-single,CTC,NA,NA,CTC.single.ctc,CTC.single.ctc,NA,Br39
GSM3664248,GSE109761,patient,3,3,0,CTC-cluster,CTC,3,cBr39-2,CTC.cluster.ctc,CTC.cluster.ctc,NA,Br39
GSM3664249,GSE109761,patient,1,1,0,CTC-single,CTC,NA,NA,CTC.single.ctc,CTC.single.ctc,NA,Br39
GSM3664250,GSE109761,patient,1,1,0,CTC-cluster,CTC,2,cBr39-3,CTC.cluster.ctc,CTC.cluster.ctc,NA,Br39
GSM3664251,GSE109761,patient,1,1,0,CTC-cluster,CTC,2,cBr39-3,CTC.cluster.ctc,CTC.cluster.ctc,NA,Br39
GSM3664252,GSE109761,patient,1,1,0,CTC-cluster-WBC,CTC,2,cBr39-4,CTC.cluster.WBC.ctc,CTC.cluster.WBC.ctc,NA,Br39
GSM3664253,GSE109761,patient,2,1,1,CTC-cluster-WBC,CTC-WBC,2,cBr39-4,CTC.cluster.WBC.ctc.wbc,CTC.ctc.wbc,NA,Br39
GSM3664254,GSE109761,patient,1,1,0,CTC-cluster,CTC,3,cBr39-5,CTC.cluster.ctc,CTC.cluster.ctc,NA,Br39
GSM3664255,GSE109761,patient,2,2,0,CTC-cluster,CTC,3,cBr39-5,CTC.cluster.ctc,CTC.cluster.ctc,NA,Br39
GSM3664256,GSE109761,patient,1,1,0,CTC-single,CTC,NA,NA,CTC.single.ctc,CTC.single.ctc,NA,Br39
GSM3664257,GSE109761,patient,2,2,0,CTC-cluster,CTC,2,cBr39-6,CTC.cluster.ctc,CTC.cluster.ctc,NA,Br39
GSM3664258,GSE109761,patient,1,1,0,CTC-single,CTC,NA,NA,CTC.single.ctc,CTC.single.ctc,NA,Br39
GSM3664259,GSE109761,patient,1,1,0,CTC-single,CTC,NA,NA,CTC.single.ctc,CTC.single.ctc,NA,Br39
GSM3664260,GSE109761,patient,1,1,0,CTC-single,CTC,NA,NA,CTC.single.ctc,CTC.single.ctc,NA,Br39
GSM3664261,GSE109761,patient,1,1,0,CTC-single,CTC,NA,NA,CTC.single.ctc,CTC.single.ctc,NA,Br61
GSM3664262,GSE109761,patient,1,1,0,CTC-cluster,CTC,2,cBr61-2,CTC.cluster.ctc,CTC.cluster.ctc,NA,Br61
GSM3664263,GSE109761,patient,1,1,0,CTC-cluster,CTC,2,cBr61-6,CTC.cluster.ctc,CTC.cluster.ctc,NA,Br61
GSM3664264,GSE109761,patient,3,3,0,CTC-cluster,CTC,3,cBr7-4,CTC.cluster.ctc,CTC.cluster.ctc,NA,Br7
GSM3664265,GSE109761,patient,1,1,0,CTC-single,CTC,NA,NA,CTC.single.ctc,CTC.single.ctc,NA,Br7
GSM3664266,GSE109761,patient,2,2,0,CTC-cluster,CTC,2,cBr7-6,CTC.cluster.ctc,CTC.cluster.ctc,NA,Br7
